{
  "momentum": 0.547945205479452,
  "growth": 0.22602739726027396,
  "value": 0.22602739726027396
}